               epoch,      train/box_loss,      train/obj_loss,      train/cls_loss,   metrics/precision,      metrics/recall,     metrics/mAP_0.5,metrics/mAP_0.5:0.95,        val/box_loss,        val/obj_loss,        val/cls_loss,               x/lr0,               x/lr1,               x/lr2
                   0,             0.14163,             0.11149,                   0,            0.010647,            0.066788,           0.0057901,           0.0012866,             0.13498,             0.10458,                   0,            0.067971,          0.00032353,          0.00032353
                   1,              0.1344,              0.1226,                   0,               0.105,             0.13398,             0.05107,            0.012571,             0.12672,             0.11734,                   0,            0.034964,          0.00065036,          0.00065036
                   2,             0.13024,              0.1227,                   0,             0.16995,             0.16525,            0.083354,            0.022192,             0.12336,             0.11691,                   0,            0.001951,          0.00097059,          0.00097059
                   3,             0.12613,             0.12413,                   0,             0.21318,             0.22391,             0.11455,            0.032332,             0.11953,              0.1196,                   0,           0.0009703,           0.0009703,           0.0009703
                   4,             0.12208,             0.13066,                   0,             0.25863,             0.26045,             0.16131,            0.048163,             0.11492,             0.12686,                   0,           0.0009703,           0.0009703,           0.0009703
                   5,             0.11918,             0.13672,                   0,             0.31626,             0.30877,              0.2286,            0.076279,             0.11017,             0.13358,                   0,           0.0009604,           0.0009604,           0.0009604
                   6,             0.11594,             0.14039,                   0,             0.36846,             0.34084,             0.26718,            0.094386,             0.10691,             0.13338,                   0,           0.0009505,           0.0009505,           0.0009505
                   7,             0.11467,             0.14467,                   0,             0.42765,             0.38145,             0.32166,             0.11634,             0.10452,             0.13768,                   0,           0.0009406,           0.0009406,           0.0009406
                   8,             0.11239,             0.14661,                   0,             0.44272,             0.39566,             0.33903,             0.12933,             0.10288,             0.13667,                   0,           0.0009307,           0.0009307,           0.0009307
                   9,             0.11071,             0.14902,                   0,             0.45747,             0.40378,             0.36057,              0.1417,             0.10141,             0.13717,                   0,           0.0009208,           0.0009208,           0.0009208
                  10,             0.11068,              0.1534,                   0,             0.50703,             0.41843,             0.40196,             0.16326,            0.099841,             0.14281,                   0,           0.0009109,           0.0009109,           0.0009109
                  11,             0.10957,             0.15283,                   0,             0.51224,             0.41758,             0.41143,             0.17198,            0.099039,             0.13926,                   0,            0.000901,            0.000901,            0.000901
                  12,             0.10819,             0.15293,                   0,             0.51566,             0.42996,              0.4221,             0.17957,            0.098156,             0.14054,                   0,           0.0008911,           0.0008911,           0.0008911
                  13,             0.10771,              0.1502,                   0,             0.51357,             0.43423,             0.42427,             0.18268,            0.097126,             0.14186,                   0,           0.0008812,           0.0008812,           0.0008812
                  14,             0.10701,              0.1566,                   0,             0.52133,             0.43666,             0.43214,             0.19141,            0.096667,             0.14082,                   0,           0.0008713,           0.0008713,           0.0008713
                  15,             0.10655,             0.15501,                   0,             0.55828,             0.45189,             0.45391,             0.20203,            0.095886,               0.143,                   0,           0.0008614,           0.0008614,           0.0008614
                  16,             0.10595,             0.15423,                   0,             0.56123,              0.4378,             0.45623,             0.20381,            0.095402,             0.14195,                   0,           0.0008515,           0.0008515,           0.0008515
                  17,             0.10569,             0.15889,                   0,             0.57667,             0.44235,             0.46556,             0.21092,             0.09504,             0.14194,                   0,           0.0008416,           0.0008416,           0.0008416
                  18,             0.10558,             0.15663,                   0,             0.57445,             0.44806,             0.46945,             0.21401,            0.094542,              0.1435,                   0,           0.0008317,           0.0008317,           0.0008317
                  19,             0.10492,             0.15623,                   0,             0.58072,             0.43808,             0.46858,             0.21552,            0.094136,             0.14233,                   0,           0.0008218,           0.0008218,           0.0008218
                  20,             0.10476,             0.15727,                   0,             0.59191,             0.45656,             0.48424,             0.22288,            0.093745,             0.14397,                   0,           0.0008119,           0.0008119,           0.0008119
                  21,             0.10434,             0.15958,                   0,             0.59635,             0.46772,             0.49104,             0.22631,            0.093395,             0.14554,                   0,            0.000802,            0.000802,            0.000802
                  22,             0.10353,             0.15777,                   0,             0.59424,             0.46022,             0.49195,             0.22842,            0.093153,             0.14388,                   0,           0.0007921,           0.0007921,           0.0007921
                  23,             0.10436,             0.15769,                   0,             0.58441,             0.46021,             0.48703,             0.22896,            0.092831,             0.14352,                   0,           0.0007822,           0.0007822,           0.0007822
                  24,               0.104,             0.16096,                   0,             0.59416,             0.47868,             0.50145,             0.23386,            0.092637,             0.14738,                   0,           0.0007723,           0.0007723,           0.0007723
                  25,             0.10291,             0.16088,                   0,             0.59057,             0.45778,              0.4915,              0.2318,            0.092335,             0.14329,                   0,           0.0007624,           0.0007624,           0.0007624
                  26,             0.10389,             0.16223,                   0,              0.6227,             0.48078,             0.50855,             0.24031,            0.092088,             0.14713,                   0,           0.0007525,           0.0007525,           0.0007525
                  27,             0.10208,             0.15712,                   0,             0.60007,             0.46147,             0.50198,             0.23851,            0.091937,             0.14473,                   0,           0.0007426,           0.0007426,           0.0007426
                  28,             0.10293,             0.15969,                   0,             0.60641,             0.46697,             0.50392,             0.24126,            0.091674,             0.14439,                   0,           0.0007327,           0.0007327,           0.0007327
                  29,             0.10347,             0.16285,                   0,             0.61813,             0.47158,             0.51062,             0.24451,            0.091543,             0.14436,                   0,           0.0007228,           0.0007228,           0.0007228
                  30,             0.10247,             0.16047,                   0,             0.61433,             0.47016,             0.50797,             0.24492,            0.091353,             0.14439,                   0,           0.0007129,           0.0007129,           0.0007129
                  31,             0.10207,             0.16199,                   0,             0.62017,             0.47868,             0.51604,             0.24793,             0.09119,             0.14497,                   0,            0.000703,            0.000703,            0.000703
                  32,             0.10181,             0.16135,                   0,              0.6247,             0.47341,             0.51431,             0.24841,            0.091033,             0.14478,                   0,           0.0006931,           0.0006931,           0.0006931
                  33,             0.10297,              0.1637,                   0,             0.63208,             0.48408,             0.52498,             0.25505,            0.090853,             0.14555,                   0,           0.0006832,           0.0006832,           0.0006832
                  34,             0.10119,             0.15791,                   0,             0.62372,             0.47422,             0.51516,             0.24705,            0.090748,             0.14499,                   0,           0.0006733,           0.0006733,           0.0006733
                  35,             0.10204,             0.16005,                   0,             0.62699,             0.47564,             0.51754,             0.25207,            0.090644,             0.14435,                   0,           0.0006634,           0.0006634,           0.0006634
                  36,              0.1018,             0.15927,                   0,             0.62682,             0.48904,              0.5258,             0.25746,            0.090523,             0.14597,                   0,           0.0006535,           0.0006535,           0.0006535
                  37,             0.10084,             0.15732,                   0,             0.63189,              0.4866,              0.5248,             0.25601,            0.090474,             0.14752,                   0,           0.0006436,           0.0006436,           0.0006436
                  38,             0.10236,             0.16117,                   0,             0.61679,              0.4826,             0.52217,             0.25605,             0.09026,             0.14547,                   0,           0.0006337,           0.0006337,           0.0006337
                  39,             0.10116,             0.15941,                   0,             0.63201,             0.48295,             0.52672,             0.25715,            0.090218,             0.14637,                   0,           0.0006238,           0.0006238,           0.0006238
                  40,             0.10152,             0.16004,                   0,             0.62481,             0.49289,             0.52946,             0.25822,            0.090179,             0.14606,                   0,           0.0006139,           0.0006139,           0.0006139
                  41,             0.10238,             0.16313,                   0,             0.62895,             0.48599,             0.52635,             0.26157,            0.090077,             0.14485,                   0,            0.000604,            0.000604,            0.000604
                  42,             0.10126,             0.16185,                   0,             0.63171,             0.48356,             0.52703,             0.25883,            0.089856,             0.14503,                   0,           0.0005941,           0.0005941,           0.0005941
                  43,             0.10151,              0.1611,                   0,             0.62776,             0.48863,             0.52926,             0.26248,            0.089814,             0.14482,                   0,           0.0005842,           0.0005842,           0.0005842
                  44,              0.1016,             0.16194,                   0,             0.63218,             0.49452,             0.53468,             0.26379,            0.089811,             0.14513,                   0,           0.0005743,           0.0005743,           0.0005743
                  45,             0.10083,             0.16057,                   0,             0.63301,             0.50041,             0.53592,             0.26469,            0.089761,             0.14626,                   0,           0.0005644,           0.0005644,           0.0005644
                  46,             0.10137,             0.16079,                   0,             0.62746,             0.50023,             0.53539,             0.26453,            0.089624,             0.14656,                   0,           0.0005545,           0.0005545,           0.0005545
                  47,             0.10142,             0.16254,                   0,             0.63622,             0.49614,             0.53509,             0.26703,            0.089509,             0.14532,                   0,           0.0005446,           0.0005446,           0.0005446
                  48,             0.10136,             0.16272,                   0,             0.64214,              0.4998,             0.53739,             0.26581,            0.089555,             0.14666,                   0,           0.0005347,           0.0005347,           0.0005347
                  49,             0.10013,             0.16091,                   0,             0.65059,              0.4997,             0.54109,             0.27043,            0.089395,             0.14625,                   0,           0.0005248,           0.0005248,           0.0005248
                  50,             0.10044,             0.16235,                   0,             0.64528,             0.50703,             0.54411,             0.27197,            0.089361,             0.14838,                   0,           0.0005149,           0.0005149,           0.0005149
                  51,             0.10026,             0.16317,                   0,             0.64331,             0.49858,             0.54161,             0.27142,            0.089259,             0.14664,                   0,            0.000505,            0.000505,            0.000505
                  52,             0.10101,             0.16006,                   0,             0.64243,             0.50832,             0.54502,             0.27272,            0.089296,             0.14793,                   0,           0.0004951,           0.0004951,           0.0004951
                  53,            0.099731,             0.15877,                   0,             0.63831,             0.50508,             0.54028,             0.26966,            0.089209,             0.14603,                   0,           0.0004852,           0.0004852,           0.0004852
                  54,            0.099654,             0.16182,                   0,             0.63768,             0.50548,             0.54266,             0.27156,            0.089141,             0.14742,                   0,           0.0004753,           0.0004753,           0.0004753
                  55,            0.099926,             0.16122,                   0,             0.63971,             0.50447,             0.54378,             0.27234,            0.089081,             0.14726,                   0,           0.0004654,           0.0004654,           0.0004654
                  56,             0.10048,             0.16077,                   0,             0.64289,             0.49858,             0.54151,              0.2732,            0.088912,             0.14513,                   0,           0.0004555,           0.0004555,           0.0004555
                  57,            0.099096,              0.1562,                   0,             0.64095,             0.49249,              0.5368,             0.27049,            0.088952,             0.14577,                   0,           0.0004456,           0.0004456,           0.0004456
                  58,            0.099321,             0.16038,                   0,             0.64056,             0.49889,             0.54303,             0.27451,            0.088895,             0.14764,                   0,           0.0004357,           0.0004357,           0.0004357
                  59,             0.10058,             0.16011,                   0,             0.64221,             0.50832,             0.54417,             0.27569,            0.088891,             0.14639,                   0,           0.0004258,           0.0004258,           0.0004258
                  60,             0.10056,             0.16345,                   0,             0.65374,             0.50439,             0.54654,             0.27531,            0.088884,             0.14651,                   0,           0.0004159,           0.0004159,           0.0004159
                  61,            0.099724,             0.15927,                   0,             0.65321,             0.49594,             0.54392,             0.27534,             0.08881,             0.14575,                   0,            0.000406,            0.000406,            0.000406
                  62,              0.1002,             0.16047,                   0,             0.64453,             0.50325,             0.54543,             0.27658,            0.088725,             0.14635,                   0,           0.0003961,           0.0003961,           0.0003961
                  63,             0.10096,              0.1626,                   0,             0.65242,             0.50893,             0.55228,             0.27929,            0.088698,             0.14695,                   0,           0.0003862,           0.0003862,           0.0003862
                  64,            0.099429,             0.15958,                   0,             0.63618,             0.51056,             0.54563,             0.27688,            0.088637,             0.14673,                   0,           0.0003763,           0.0003763,           0.0003763
                  65,             0.09995,             0.16262,                   0,             0.63702,             0.50731,             0.54556,             0.27728,             0.08864,             0.14664,                   0,           0.0003664,           0.0003664,           0.0003664
                  66,            0.099757,             0.16224,                   0,              0.6417,             0.50873,              0.5464,             0.27872,            0.088549,             0.14644,                   0,           0.0003565,           0.0003565,           0.0003565
                  67,             0.10034,             0.16224,                   0,             0.65695,              0.5138,             0.55272,             0.28011,            0.088588,             0.14765,                   0,           0.0003466,           0.0003466,           0.0003466
                  68,              0.1004,             0.16204,                   0,             0.64798,             0.51624,             0.55203,             0.27935,             0.08861,             0.14841,                   0,           0.0003367,           0.0003367,           0.0003367
                  69,            0.099579,             0.15908,                   0,             0.64883,             0.50914,             0.55114,             0.28017,             0.08848,               0.147,                   0,           0.0003268,           0.0003268,           0.0003268
                  70,             0.10029,             0.15988,                   0,              0.6419,             0.50914,             0.54822,             0.28026,            0.088513,             0.14703,                   0,           0.0003169,           0.0003169,           0.0003169
                  71,            0.099584,             0.16073,                   0,             0.64007,             0.49639,             0.54451,             0.27807,            0.088328,             0.14553,                   0,            0.000307,            0.000307,            0.000307
                  72,            0.099179,             0.15823,                   0,             0.64568,             0.50467,             0.54766,             0.27996,            0.088338,             0.14636,                   0,           0.0002971,           0.0002971,           0.0002971
                  73,            0.099821,             0.16319,                   0,             0.64696,             0.50528,             0.54858,             0.27922,             0.08844,             0.14664,                   0,           0.0002872,           0.0002872,           0.0002872
                  74,            0.099955,             0.16379,                   0,             0.65377,             0.50771,             0.55252,             0.28303,            0.088346,             0.14707,                   0,           0.0002773,           0.0002773,           0.0002773
                  75,            0.098506,             0.15961,                   0,             0.64835,             0.50873,              0.5494,             0.27998,             0.08832,             0.14675,                   0,           0.0002674,           0.0002674,           0.0002674
                  76,            0.099395,             0.16221,                   0,             0.64526,             0.51035,             0.55042,             0.28164,            0.088344,             0.14679,                   0,           0.0002575,           0.0002575,           0.0002575
                  77,               0.101,             0.16488,                   0,              0.6541,             0.50751,             0.54942,             0.28026,            0.088306,             0.14648,                   0,           0.0002476,           0.0002476,           0.0002476
                  78,            0.099846,             0.16235,                   0,              0.6501,             0.50589,             0.55103,             0.28255,            0.088258,             0.14628,                   0,           0.0002377,           0.0002377,           0.0002377
                  79,             0.09955,             0.16099,                   0,             0.64562,             0.50142,             0.54693,              0.2803,             0.08824,             0.14592,                   0,           0.0002278,           0.0002278,           0.0002278
                  80,             0.10035,              0.1628,                   0,             0.65352,             0.51193,             0.55306,              0.2819,            0.088252,             0.14766,                   0,           0.0002179,           0.0002179,           0.0002179
                  81,            0.099564,             0.16162,                   0,             0.65084,             0.51401,             0.55272,             0.28243,            0.088193,              0.1471,                   0,            0.000208,            0.000208,            0.000208
                  82,            0.099249,             0.16015,                   0,             0.64764,             0.50707,             0.54945,             0.28034,            0.088181,             0.14614,                   0,           0.0001981,           0.0001981,           0.0001981
                  83,             0.09875,             0.15942,                   0,             0.65495,              0.5069,             0.55167,             0.28236,            0.088197,             0.14682,                   0,           0.0001882,           0.0001882,           0.0001882
                  84,             0.10031,             0.16224,                   0,              0.6515,             0.51279,             0.55286,              0.2835,            0.088111,              0.1463,                   0,           0.0001783,           0.0001783,           0.0001783
                  85,             0.10003,              0.1611,                   0,                0.65,             0.51279,             0.55166,             0.28251,            0.088147,             0.14661,                   0,           0.0001684,           0.0001684,           0.0001684
                  86,            0.099411,              0.1613,                   0,             0.64336,             0.51543,             0.55333,             0.28378,            0.088181,             0.14774,                   0,           0.0001585,           0.0001585,           0.0001585
                  87,            0.099348,             0.16435,                   0,             0.65387,             0.51035,             0.55384,             0.28345,            0.088121,             0.14706,                   0,           0.0001486,           0.0001486,           0.0001486
                  88,            0.099364,             0.16126,                   0,             0.65012,             0.51502,             0.55455,             0.28353,            0.088126,             0.14693,                   0,           0.0001387,           0.0001387,           0.0001387
                  89,            0.099259,              0.1591,                   0,             0.65072,             0.50568,             0.54915,             0.28185,            0.088141,             0.14655,                   0,           0.0001288,           0.0001288,           0.0001288
                  90,            0.099439,              0.1615,                   0,             0.65548,             0.51022,             0.55468,             0.28487,            0.088082,             0.14703,                   0,           0.0001189,           0.0001189,           0.0001189
                  91,              0.1001,             0.16269,                   0,             0.65476,             0.51299,              0.5545,              0.2846,            0.088113,             0.14729,                   0,            0.000109,            0.000109,            0.000109
                  92,             0.10017,              0.1613,                   0,             0.65414,              0.5168,             0.55492,             0.28466,            0.088133,             0.14793,                   0,            9.91e-05,            9.91e-05,            9.91e-05
                  93,            0.099841,             0.16163,                   0,             0.64971,             0.51726,             0.55576,             0.28481,            0.088123,             0.14766,                   0,            8.92e-05,            8.92e-05,            8.92e-05
                  94,            0.099308,             0.16263,                   0,             0.65221,             0.51726,             0.55568,             0.28532,            0.088081,             0.14744,                   0,            7.93e-05,            7.93e-05,            7.93e-05
                  95,            0.099609,             0.16002,                   0,             0.64994,             0.51372,             0.55408,              0.2848,            0.088073,             0.14723,                   0,            6.94e-05,            6.94e-05,            6.94e-05
                  96,             0.10041,             0.16281,                   0,             0.65298,             0.51543,             0.55654,             0.28594,            0.088042,             0.14722,                   0,            5.95e-05,            5.95e-05,            5.95e-05
                  97,             0.09869,             0.16024,                   0,             0.64866,             0.51482,             0.55468,             0.28443,            0.088068,             0.14735,                   0,            4.96e-05,            4.96e-05,            4.96e-05
                  98,            0.099426,             0.16146,                   0,             0.64818,             0.51177,             0.55484,             0.28532,            0.088037,             0.14649,                   0,            3.97e-05,            3.97e-05,            3.97e-05
                  99,            0.099702,             0.16341,                   0,             0.65484,             0.51177,             0.55562,             0.28616,            0.088017,             0.14679,                   0,            2.98e-05,            2.98e-05,            2.98e-05
